{
  "final_estimate": [5.116244352839, 1.045095743855],
  "tolerance": 1e-7
}
